id,access complexity
CVE-1999-0095,LOW
CVE-1999-0082,LOW
CVE-1999-1471,LOW
CVE-1999-1122,LOW
CVE-1999-1467,LOW
CVE-1999-1506,LOW
CVE-1999-0084,LOW
CVE-2000-0388,LOW
CVE-1999-0209,LOW
CVE-1999-1198,LOW
CVE-1999-1391,LOW
CVE-1999-1392,LOW
CVE-1999-1057,LOW
CVE-1999-1554,LOW
CVE-1999-1197,LOW
CVE-1999-1115,LOW
CVE-1999-1258,LOW
CVE-1999-1438,LOW
CVE-1999-1211,LOW
CVE-1999-1212,LOW
CVE-1999-1194,LOW
CVE-1999-1193,LOW
CVE-1999-1123,LOW
CVE-1999-1034,LOW
CVE-1999-1415,LOW
CVE-1999-1090,LOW
CVE-1999-0498,LOW
CVE-1999-1468,HIGH
CVE-1999-0167,LOW
CVE-1999-1493,LOW
CVE-1999-1032,LOW
CVE-1999-1059,LOW
CVE-1999-0627,LOW
CVE-1999-1121,LOW
CVE-1999-0117,LOW
CVE-1999-1119,LOW
CVE-1999-1142,LOW
CVE-1999-0168,LOW
CVE-1999-0214,LOW
CVE-1999-1396,LOW
CVE-1999-1395,LOW
CVE-1999-1306,LOW
CVE-1999-1466,LOW
CVE-1999-1021,LOW
CVE-1999-0312,LOW
CVE-1999-1507,LOW
CVE-1999-1218,LOW
CVE-1999-1312,LOW
CVE-1999-1216,LOW
CVE-1999-1162,LOW
CVE-1999-0124,LOW
CVE-1999-1215,LOW
CVE-1999-1138,LOW
CVE-1999-1318,LOW
CVE-1999-0145,LOW
CVE-1999-1137,LOW
CVE-1999-0334,LOW
CVE-1999-0181,MEDIUM
CVE-1999-1242,LOW
CVE-1999-0211,LOW
CVE-1999-0338,LOW
CVE-1999-0120,LOW
CVE-1999-1135,LOW
CVE-1999-1146,LOW
CVE-1999-1388,HIGH
CVE-1999-1134,LOW
CVE-1999-0113,LOW
CVE-1999-0423,LOW
CVE-1999-0337,LOW
CVE-1999-0207,LOW
CVE-1999-1239,LOW
CVE-1999-1552,LOW
CVE-1999-1494,LOW
CVE-1999-1219,LOW
CVE-1999-1238,LOW
CVE-1999-1022,HIGH
CVE-1999-1248,LOW
CVE-1999-1302,LOW
CVE-1999-1303,LOW
CVE-1999-1304,LOW
CVE-1999-1305,LOW
CVE-2000-0508,LOW
CVE-1999-0077,LOW
CVE-1999-0232,LOW
CVE-1999-0235,LOW
CVE-1999-0242,LOW
CVE-1999-1098,LOW
CVE-1999-1243,LOW
CVE-1999-0151,HIGH
CVE-1999-1080,LOW
CVE-1999-0066,LOW
CVE-1999-0161,LOW
CVE-1999-0172,LOW
CVE-1999-0203,LOW
CVE-1999-1580,LOW
CVE-1999-0164,HIGH
CVE-1999-0155,LOW
CVE-1999-0245,LOW
CVE-1999-0218,LOW
CVE-1999-0073,LOW
CVE-1999-0099,LOW
CVE-1999-0241,LOW
CVE-1999-0080,LOW
CVE-1999-0123,HIGH
CVE-1999-0316,LOW
CVE-1999-0325,LOW
CVE-1999-0208,LOW
CVE-1999-1186,LOW
CVE-1999-1319,LOW
CVE-1999-1491,LOW
CVE-1999-0103,LOW
CVE-1999-0143,LOW
CVE-1999-0233,LOW
CVE-1999-0142,LOW
CVE-1999-0067,LOW
CVE-1999-0141,HIGH
CVE-1999-0070,LOW
CVE-1999-1103,LOW
CVE-1999-0078,MEDIUM
CVE-1999-0019,LOW
CVE-1999-1314,LOW
CVE-1999-1313,LOW
CVE-1999-0522,LOW
CVE-1999-0509,LOW
CVE-1999-1205,LOW
CVE-1999-1253,LOW
CVE-1999-0138,LOW
CVE-1999-0175,LOW
CVE-1999-0022,LOW
CVE-1999-0137,LOW
CVE-1999-1301,LOW
CVE-1999-1572,LOW
CVE-1999-0023,LOW
CVE-1999-0135,LOW
CVE-1999-0136,LOW
CVE-1999-1413,LOW
CVE-1999-0134,LOW
CVE-1999-0133,LOW
CVE-1999-0132,LOW
CVE-1999-0085,LOW
CVE-1999-1187,LOW
CVE-1999-1309,LOW
CVE-1999-0324,LOW
CVE-1999-1252,LOW
CVE-1999-0131,LOW
CVE-1999-1383,LOW
CVE-1999-1295,LOW
CVE-1999-0116,LOW
CVE-1999-0961,HIGH
CVE-1999-0206,LOW
CVE-1999-0246,LOW
CVE-1999-0308,LOW
CVE-1999-0319,LOW
CVE-1999-0234,LOW
CVE-1999-0075,LOW
CVE-1999-0032,LOW
CVE-1999-0277,LOW
CVE-1999-1384,LOW
CVE-1999-0311,LOW
CVE-1999-0336,LOW
CVE-1999-1161,LOW
CVE-1999-0130,LOW
CVE-1999-1221,LOW
CVE-1999-1099,LOW
CVE-1999-1240,LOW
CVE-1999-0050,LOW
CVE-1999-0044,LOW
CVE-1999-0129,LOW
CVE-1999-0043,LOW
CVE-1999-1401,LOW
CVE-1999-0045,LOW
CVE-1999-0096,LOW
CVE-1999-0101,LOW
CVE-1999-0297,LOW
CVE-1999-1089,LOW
CVE-1999-0128,LOW
CVE-1999-0127,LOW
CVE-1999-1385,LOW
CVE-1999-1026,LOW
CVE-1999-0260,LOW
CVE-1999-1251,LOW
CVE-1999-0100,LOW
CVE-1999-0163,LOW
CVE-1999-0166,LOW
CVE-1999-0170,LOW
CVE-1999-0171,LOW
CVE-1999-0173,LOW
CVE-1999-0178,LOW
CVE-1999-0179,LOW
CVE-1999-0180,LOW
CVE-1999-0201,LOW
CVE-1999-0202,LOW
CVE-1999-0204,LOW
CVE-1999-0217,LOW
CVE-1999-0236,LOW
CVE-1999-0249,LOW
CVE-1999-0251,LOW
CVE-1999-0252,LOW
CVE-1999-0253,LOW
CVE-1999-0265,LOW
CVE-1999-0274,LOW
CVE-1999-0345,LOW
CVE-1999-0496,LOW
CVE-1999-0499,LOW
CVE-1999-0503,LOW
CVE-1999-0504,LOW
CVE-1999-0510,LOW
CVE-1999-0511,LOW
CVE-1999-0517,LOW
CVE-1999-0518,LOW
CVE-1999-0519,LOW
CVE-1999-0521,LOW
CVE-1999-0525,LOW
CVE-1999-0534,LOW
CVE-1999-0535,LOW
CVE-1999-0550,LOW
CVE-1999-0562,LOW
CVE-1999-0572,MEDIUM
CVE-1999-0575,LOW
CVE-1999-0576,LOW
CVE-1999-0582,LOW
CVE-1999-0626,LOW
CVE-1999-1120,LOW
CVE-1999-0051,LOW
CVE-1999-1249,LOW
CVE-1999-1145,LOW
CVE-1999-1311,LOW
CVE-1999-0049,LOW
CVE-1999-1088,LOW
CVE-1999-0081,LOW
CVE-1999-0048,LOW
CVE-1999-0966,LOW
CVE-1999-0047,LOW
CVE-1999-1144,LOW
CVE-1999-0174,LOW
CVE-1999-0309,LOW
CVE-1999-0369,LOW
CVE-1999-0959,LOW
CVE-1999-1160,LOW
CVE-1999-1299,LOW
CVE-1999-0298,LOW
CVE-1999-0046,LOW
CVE-1999-0228,LOW
CVE-1999-0109,LOW
CVE-1999-0041,LOW
CVE-1999-0868,LOW
CVE-1999-0105,LOW
CVE-1999-0106,LOW
CVE-1999-0165,LOW
CVE-1999-0318,LOW
CVE-1999-0612,LOW
CVE-1999-1128,HIGH
CVE-1999-1489,LOW
CVE-1999-0299,MEDIUM
CVE-1999-1408,LOW
CVE-1999-1525,HIGH
CVE-1999-0280,LOW
CVE-1999-0292,LOW
CVE-1999-0315,LOW
CVE-1999-1387,LOW
CVE-1999-0042,LOW
CVE-1999-1298,LOW
CVE-1999-0058,LOW
CVE-1999-0149,LOW
CVE-1999-0038,LOW
CVE-1999-1296,LOW
CVE-1999-0040,LOW
CVE-1999-0112,LOW
CVE-1999-1116,LOW
CVE-1999-1380,HIGH
CVE-1999-1267,LOW
CVE-1999-0039,LOW
CVE-1999-1067,LOW
CVE-1999-1398,HIGH
CVE-1999-1461,LOW
CVE-1999-1286,LOW
CVE-1999-1410,HIGH
CVE-1999-1158,LOW
CVE-1999-1184,LOW
CVE-1999-0962,LOW
CVE-1999-1141,LOW
CVE-1999-1232,LOW
CVE-1999-1402,LOW
CVE-1999-1191,LOW
CVE-1999-1449,LOW
CVE-1999-0037,LOW
CVE-1999-0259,LOW
CVE-1999-0036,LOW
CVE-1999-0064,LOW
CVE-1999-1143,LOW
CVE-1999-0034,LOW
CVE-1999-0035,HIGH
CVE-1999-0144,LOW
CVE-1999-0227,LOW
CVE-1999-0281,LOW
CVE-1999-0799,LOW
CVE-1999-0189,LOW
CVE-1999-0275,LOW
CVE-1999-0083,LOW
CVE-1999-0033,LOW
CVE-1999-1266,LOW
CVE-1999-0957,LOW
CVE-1999-1483,LOW
CVE-1999-1192,LOW
CVE-1999-1423,LOW
CVE-1999-0074,LOW
CVE-1999-0076,LOW
CVE-1999-0111,LOW
CVE-1999-0147,LOW
CVE-1999-0150,LOW
CVE-1999-0153,LOW
CVE-1999-0156,LOW
CVE-1999-0169,LOW
CVE-1999-0184,LOW
CVE-1999-0195,LOW
CVE-1999-0219,LOW
CVE-1999-0250,LOW
CVE-1999-0526,LOW
CVE-1999-0532,LOW
CVE-1999-0533,LOW
CVE-1999-0541,LOW
CVE-1999-0628,LOW
CVE-1999-1326,LOW
CVE-1999-0031,HIGH
CVE-1999-0196,LOW
CVE-1999-0176,LOW
CVE-1999-1463,LOW
CVE-1999-0059,MEDIUM
CVE-1999-0146,LOW
CVE-1999-0025,LOW
CVE-1999-0026,LOW
CVE-1999-0027,LOW
CVE-1999-0028,LOW
CVE-1999-0029,LOW
CVE-1999-0030,LOW
CVE-1999-1182,LOW
CVE-1999-0122,LOW
CVE-1999-0247,LOW
CVE-1999-1208,LOW
CVE-1999-0971,LOW
CVE-1999-1068,LOW
CVE-1999-1217,LOW
CVE-1999-1419,LOW
CVE-1999-1308,LOW
CVE-1999-0238,LOW
CVE-1999-0301,LOW
CVE-1999-0524,LOW
CVE-1999-0566,LOW
CVE-1999-1262,HIGH
CVE-1999-1446,LOW
CVE-1999-0152,LOW
CVE-1999-0024,LOW
CVE-1999-1250,LOW
CVE-1999-1399,LOW
CVE-1999-1220,LOW
CVE-1999-1225,LOW
CVE-1999-0071,LOW
CVE-1999-0115,LOW
CVE-1999-0148,LOW
CVE-1999-0177,LOW
CVE-1999-0183,LOW
CVE-1999-0191,LOW
CVE-1999-0237,LOW
CVE-1999-1133,LOW
CVE-1999-1139,LOW
CVE-1999-1275,LOW
CVE-1999-0079,LOW
CVE-1999-1214,LOW
CVE-1999-0667,LOW
CVE-1999-0956,LOW
CVE-1999-0965,HIGH
CVE-1999-1125,LOW
CVE-1999-0267,LOW
CVE-1999-0955,HIGH
CVE-1999-0182,LOW
CVE-1999-0090,LOW
CVE-1999-0160,LOW
CVE-1999-0185,LOW
CVE-1999-0272,LOW
CVE-1999-0294,LOW
CVE-1999-0295,LOW
CVE-1999-0300,LOW
CVE-1999-0326,LOW
CVE-1999-1213,LOW
CVE-1999-0061,HIGH
CVE-1999-1061,LOW
CVE-1999-1062,LOW
CVE-1999-1095,LOW
CVE-1999-1224,LOW
CVE-1999-0346,LOW
CVE-1999-0192,LOW
CVE-1999-0068,LOW
CVE-1999-0072,LOW
CVE-1999-1131,LOW
CVE-1999-1261,LOW
CVE-1999-0089,LOW
CVE-1999-0091,LOW
CVE-1999-0092,LOW
CVE-1999-0093,LOW
CVE-1999-0094,LOW
CVE-1999-0097,LOW
CVE-1999-0322,LOW
CVE-1999-0216,LOW
CVE-1999-0327,LOW
CVE-1999-0328,LOW
CVE-1999-0967,LOW
CVE-1999-0306,LOW
CVE-1999-0021,LOW
CVE-1999-1069,LOW
CVE-1999-1424,HIGH
CVE-1999-1425,HIGH
CVE-1999-1426,HIGH
CVE-1999-1427,HIGH
CVE-1999-1428,HIGH
CVE-1999-1210,LOW
CVE-1999-1209,LOW
CVE-1999-0210,LOW
CVE-1999-1257,LOW
CVE-1999-0016,LOW
CVE-1999-0193,LOW
CVE-1999-0244,LOW
CVE-1999-0340,LOW
CVE-1999-0018,LOW
CVE-1999-0017,LOW
CVE-1999-1140,LOW
CVE-1999-0230,LOW
CVE-1999-0004,LOW
CVE-1999-0015,LOW
CVE-1999-0104,LOW
CVE-1999-1581,LOW
CVE-1999-1230,LOW
CVE-1999-1274,LOW
CVE-1999-0107,LOW
CVE-1999-0114,LOW
CVE-1999-0239,LOW
CVE-1999-0273,LOW
CVE-1999-0279,LOW
CVE-1999-0284,LOW
CVE-1999-0293,LOW
CVE-1999-0331,LOW
CVE-1999-0341,LOW
CVE-1999-1439,LOW
CVE-1999-0513,LOW
CVE-1999-1429,LOW
CVE-1999-0086,LOW
CVE-1999-1176,LOW
CVE-1999-0958,LOW
CVE-1999-0271,LOW
CVE-1999-1045,LOW
CVE-1999-0014,LOW
CVE-1999-1487,LOW
CVE-1999-0013,LOW
CVE-1999-0125,LOW
CVE-1999-0264,LOW
CVE-1999-0087,LOW
CVE-1999-0256,LOW
CVE-1999-0296,LOW
CVE-1999-0304,LOW
CVE-1999-0305,LOW
CVE-1999-0486,LOW
CVE-1999-1445,LOW
CVE-1999-0012,LOW
CVE-1999-1269,LOW
CVE-1999-0258,LOW
CVE-1999-0225,LOW
CVE-1999-1207,LOW
CVE-1999-0323,LOW
CVE-1999-1273,LOW
CVE-1999-0290,LOW
CVE-1999-1229,LOW
CVE-1999-1486,HIGH
CVE-1999-0266,LOW
CVE-1999-0320,MEDIUM
CVE-1999-0330,LOW
CVE-1999-0502,LOW
CVE-1999-0514,LOW
CVE-1999-0795,LOW
CVE-1999-1272,LOW
CVE-1999-1407,LOW
CVE-1999-1118,LOW
CVE-1999-0060,LOW
CVE-1999-1075,LOW
CVE-1999-0960,LOW
CVE-1999-0003,LOW
CVE-1999-0098,LOW
CVE-1999-0257,LOW
CVE-1999-0507,LOW
CVE-1999-0537,LOW
CVE-1999-0551,LOW
CVE-1999-1183,HIGH
CVE-1999-0270,LOW
CVE-1999-1498,LOW
CVE-1999-1505,LOW
CVE-1999-0009,LOW
CVE-1999-0010,LOW
CVE-1999-0011,LOW
CVE-1999-0190,LOW
CVE-1999-1015,LOW
CVE-1999-1040,LOW
CVE-1999-1114,LOW
CVE-1999-1501,LOW
CVE-1999-1502,LOW
CVE-1999-1503,LOW
CVE-1999-1504,LOW
CVE-1999-1499,LOW
CVE-1999-1113,LOW
CVE-1999-1390,LOW
CVE-1999-0069,LOW
CVE-1999-0212,LOW
CVE-1999-1106,LOW
CVE-1999-0108,LOW
CVE-1999-0796,LOW
CVE-1999-0126,LOW
CVE-1999-1027,LOW
CVE-1999-1044,LOW
CVE-1999-1361,LOW
CVE-1999-0816,LOW
CVE-1999-0919,LOW
CVE-1999-1204,LOW
CVE-1999-1389,LOW
CVE-1999-0055,LOW
CVE-1999-1179,LOW
CVE-1999-1096,LOW
CVE-1999-0303,LOW
CVE-1999-1039,LOW
CVE-1999-1492,LOW
CVE-1999-1490,LOW
CVE-1999-0278,LOW
CVE-1999-0329,LOW
CVE-1999-0501,LOW
CVE-1999-0508,LOW
CVE-1999-1443,LOW
CVE-1999-1151,LOW
CVE-1999-1152,LOW
CVE-1999-0008,LOW
CVE-1999-0054,LOW
CVE-1999-1178,LOW
CVE-1999-1271,LOW
CVE-1999-1480,HIGH
CVE-1999-1555,LOW
CVE-1999-1085,LOW
CVE-1999-0783,LOW
CVE-1999-1442,LOW
CVE-1999-1479,LOW
CVE-1999-0007,LOW
CVE-1999-1036,LOW
CVE-1999-1037,LOW
CVE-1999-1038,LOW
CVE-1999-0797,HIGH
CVE-1999-1556,LOW
CVE-1999-1150,LOW
CVE-1999-1441,LOW
CVE-1999-0313,LOW
CVE-1999-0314,LOW
CVE-1999-0494,LOW
CVE-1999-1202,LOW
CVE-1999-1409,LOW
CVE-1999-1574,LOW
CVE-1999-1437,LOW
CVE-1999-1436,LOW
CVE-1999-0102,LOW
CVE-1999-1435,LOW
CVE-1999-1270,LOW
CVE-1999-1434,LOW
CVE-1999-0006,LOW
CVE-1999-0213,LOW
CVE-1999-1297,LOW
CVE-1999-1433,LOW
CVE-1999-1582,LOW
CVE-1999-0263,LOW
CVE-1999-1149,LOW
CVE-1999-1432,LOW
CVE-1999-1558,LOW
CVE-1999-0005,LOW
CVE-1999-1200,LOW
CVE-1999-1420,LOW
CVE-1999-1421,LOW
CVE-1999-1070,LOW
CVE-1999-0941,LOW
CVE-1999-1447,LOW
CVE-1999-1406,LOW
CVE-1999-1448,LOW
CVE-1999-1136,LOW
CVE-1999-0269,LOW
CVE-1999-0288,LOW
CVE-1999-0333,LOW
CVE-1999-0339,LOW
CVE-1999-0344,LOW
CVE-1999-0516,LOW
CVE-1999-0062,LOW
CVE-1999-0262,LOW
CVE-1999-1199,LOW
CVE-1999-0159,LOW
CVE-1999-1283,LOW
CVE-1999-0157,LOW
CVE-1999-1416,LOW
CVE-1999-1417,LOW
CVE-1999-1041,LOW
CVE-1999-0065,LOW
CVE-1999-0158,LOW
CVE-1999-0162,LOW
CVE-1999-0302,LOW
CVE-1999-0310,LOW
CVE-1999-0792,LOW
CVE-1999-1292,LOW
CVE-1999-0779,LOW
CVE-1999-0930,LOW
CVE-1999-0871,HIGH
CVE-1999-1048,LOW
CVE-1999-0056,LOW
CVE-1999-0897,LOW
CVE-1999-1020,LOW
CVE-1999-1265,LOW
CVE-1999-1054,LOW
CVE-1999-1228,LOW
CVE-1999-0969,LOW
CVE-1999-1181,LOW
CVE-1999-0186,LOW
CVE-1999-0505,LOW
CVE-1999-0506,LOW
CVE-1999-0546,LOW
CVE-1999-0870,HIGH
CVE-1999-0343,HIGH
CVE-1999-1403,LOW
CVE-1999-1404,LOW
CVE-1999-1291,LOW
CVE-1999-1185,LOW
CVE-1999-1381,LOW
CVE-1999-0002,LOW
CVE-1999-0053,LOW
CVE-1999-0088,LOW
CVE-1999-0215,LOW
CVE-1999-0118,LOW
CVE-1999-0254,LOW
CVE-1999-1459,LOW
CVE-1999-0052,LOW
CVE-1999-1284,LOW
CVE-1999-1321,LOW
CVE-1999-1153,LOW
CVE-1999-1154,LOW
CVE-1999-1155,LOW
CVE-1999-1289,LOW
CVE-1999-1025,LOW
CVE-1999-1322,LOW
CVE-1999-0057,LOW
CVE-1999-0780,LOW
CVE-1999-0781,LOW
CVE-1999-0782,LOW
CVE-1999-1107,LOW
CVE-1999-1288,LOW
CVE-1999-1411,LOW
CVE-1999-1071,LOW
CVE-1999-1072,LOW
CVE-1999-1073,LOW
CVE-1999-0321,LOW
CVE-1999-0332,LOW
CVE-1999-0342,HIGH
CVE-1999-0385,LOW
CVE-1999-0463,LOW
CVE-1999-0478,LOW
CVE-1999-0869,HIGH
CVE-1999-0836,LOW
CVE-1999-0936,LOW
CVE-1999-0937,LOW
CVE-1999-1280,LOW
CVE-1999-0798,LOW
CVE-1999-1147,LOW
CVE-1999-1276,LOW
CVE-1999-1282,LOW
CVE-1999-0139,LOW
CVE-1999-0188,LOW
CVE-1999-1173,LOW
CVE-1999-1277,LOW
CVE-1999-1278,LOW
CVE-1999-0968,LOW
CVE-1999-1281,LOW
CVE-1999-1188,LOW
CVE-1999-1285,LOW
CVE-1999-1159,LOW
CVE-1999-0197,LOW
CVE-1999-0198,LOW
CVE-1999-0200,LOW
CVE-1999-0205,LOW
CVE-1999-0220,LOW
CVE-1999-0226,LOW
CVE-1999-0231,LOW
CVE-1999-0240,LOW
CVE-1999-0243,LOW
CVE-1999-0248,LOW
CVE-1999-0255,LOW
CVE-1999-0268,LOW
CVE-1999-0276,LOW
CVE-1999-0283,LOW
CVE-1999-0285,LOW
CVE-1999-0286,LOW
CVE-1999-0355,LOW
CVE-1999-0361,LOW
CVE-1999-0364,LOW
CVE-1999-0384,LOW
CVE-1999-0388,LOW
CVE-1999-0393,LOW
CVE-1999-0394,LOW
CVE-1999-0395,HIGH
CVE-1999-0397,LOW
CVE-1999-0398,LOW
CVE-1999-0399,LOW
CVE-1999-0401,HIGH
CVE-1999-0448,LOW
CVE-1999-0452,LOW
CVE-1999-0453,LOW
CVE-1999-0454,LOW
CVE-1999-0465,LOW
CVE-1999-0495,LOW
CVE-1999-0497,LOW
CVE-1999-0512,LOW
CVE-1999-0515,LOW
CVE-1999-0520,LOW
CVE-1999-0523,LOW
CVE-1999-0527,LOW
CVE-1999-0528,LOW
CVE-1999-0529,LOW
CVE-1999-0530,LOW
CVE-1999-0539,LOW
CVE-1999-0547,LOW
CVE-1999-0548,LOW
CVE-1999-0549,LOW
CVE-1999-0554,LOW
CVE-1999-0555,LOW
CVE-1999-0556,LOW
CVE-1999-0559,LOW
CVE-1999-0560,LOW
CVE-1999-0561,LOW
CVE-1999-0564,LOW
CVE-1999-0565,LOW
CVE-1999-0568,LOW
CVE-1999-0569,LOW
CVE-1999-0570,LOW
CVE-1999-0571,LOW
CVE-1999-0577,LOW
CVE-1999-0578,LOW
CVE-1999-0579,LOW
CVE-1999-0580,LOW
CVE-1999-0581,LOW
CVE-1999-0583,LOW
CVE-1999-0584,LOW
CVE-1999-0586,LOW
CVE-1999-0587,LOW
CVE-1999-0588,LOW
CVE-1999-0589,LOW
CVE-1999-0591,LOW
CVE-1999-0592,LOW
CVE-1999-0593,LOW
CVE-1999-0594,LOW
CVE-1999-0596,LOW
CVE-1999-0597,LOW
CVE-1999-0598,LOW
CVE-1999-0599,LOW
CVE-1999-0600,LOW
CVE-1999-0601,LOW
CVE-1999-0602,LOW
CVE-1999-0603,LOW
CVE-1999-0611,LOW
CVE-1999-0613,LOW
CVE-1999-0618,LOW
CVE-1999-0624,LOW
CVE-1999-0625,LOW
CVE-1999-0629,LOW
CVE-1999-0630,LOW
CVE-1999-0632,LOW
CVE-1999-0635,LOW
CVE-1999-0636,LOW
CVE-1999-0637,LOW
CVE-1999-0638,LOW
CVE-1999-0639,LOW
CVE-1999-0640,LOW
CVE-1999-0641,LOW
CVE-1999-0650,LOW
CVE-1999-0651,LOW
CVE-1999-0653,LOW
CVE-1999-0654,LOW
CVE-1999-0656,LOW
CVE-1999-0657,LOW
CVE-1999-0661,LOW
CVE-1999-0662,LOW
CVE-1999-0663,LOW
CVE-1999-0664,LOW
CVE-1999-0665,LOW
CVE-1999-0698,LOW
CVE-1999-1430,LOW
CVE-1999-1440,HIGH
CVE-1999-1568,LOW
CVE-1999-0402,LOW
CVE-1999-1170,LOW
CVE-1999-1422,LOW
CVE-2000-0005,LOW
CVE-1999-0389,LOW
CVE-1999-0914,LOW
CVE-2000-0054,LOW
CVE-1999-0390,LOW
CVE-1999-0464,LOW
CVE-1999-0391,LOW
CVE-1999-0458,LOW
CVE-1999-1268,LOW
CVE-1999-0442,LOW
CVE-1999-0392,LOW
CVE-1999-0063,LOW
CVE-1999-1172,LOW
CVE-1999-1376,LOW
CVE-1999-1538,LOW
CVE-1999-0457,LOW
CVE-1999-0678,LOW
CVE-1999-0119,LOW
CVE-1999-0451,LOW
CVE-1999-0121,LOW
CVE-1999-1264,LOW
CVE-1999-1544,LOW
CVE-1999-0352,LOW
CVE-1999-0356,LOW
CVE-1999-0357,LOW
CVE-1999-1458,LOW
CVE-1999-0347,LOW
CVE-1999-0400,LOW
CVE-1999-0449,LOW
CVE-1999-0450,LOW
CVE-1999-0348,LOW
CVE-1999-0349,LOW
CVE-1999-1450,LOW
CVE-1999-0461,LOW
CVE-1999-0952,LOW
CVE-1999-1546,LOW
CVE-2000-0370,LOW
CVE-1999-0360,LOW
CVE-1999-0291,LOW
CVE-1999-0351,LOW
CVE-1999-0358,LOW
CVE-1999-0373,LOW
CVE-1999-0403,LOW
CVE-1999-0459,LOW
CVE-1999-0362,LOW
CVE-1999-0363,LOW
CVE-1999-0383,LOW
CVE-1999-1171,LOW
CVE-1999-1453,HIGH
CVE-1999-0365,LOW
CVE-1999-1169,LOW
CVE-1999-1201,LOW
CVE-1999-0350,HIGH
CVE-1999-0366,LOW
CVE-1999-0367,LOW
CVE-1999-0368,LOW
CVE-1999-0407,LOW
CVE-1999-0353,MEDIUM
CVE-1999-0370,LOW
CVE-1999-0371,HIGH
CVE-1999-1375,LOW
CVE-1999-0372,LOW
CVE-1999-1203,LOW
CVE-1999-0404,LOW
CVE-1999-0714,LOW
CVE-1999-1260,LOW
CVE-1999-0374,LOW
CVE-1999-0375,LOW
CVE-1999-1180,LOW
CVE-1999-0396,HIGH
CVE-1999-1060,LOW
CVE-1999-1405,LOW
CVE-1999-0405,LOW
CVE-1999-1495,LOW
CVE-2000-0367,LOW
CVE-1999-0406,LOW
CVE-1999-0412,LOW
CVE-1999-0460,LOW
CVE-1999-0485,HIGH
CVE-1999-1101,LOW
CVE-1999-1255,LOW
CVE-1999-1372,LOW
CVE-1999-1482,LOW
CVE-1999-0376,LOW
CVE-1999-1168,LOW
CVE-1999-1049,LOW
CVE-1999-0377,LOW
CVE-1999-0378,LOW
CVE-1999-0379,LOW
CVE-1999-0441,LOW
CVE-1999-0484,LOW
CVE-1999-1247,LOW
CVE-1999-0380,LOW
CVE-1999-0408,LOW
CVE-1999-0483,LOW
CVE-1999-0381,LOW
CVE-1999-0221,LOW
CVE-1999-0222,LOW
CVE-1999-0223,LOW
CVE-1999-0261,LOW
CVE-1999-0386,LOW
CVE-1999-0413,LOW
CVE-1999-0414,LOW
CVE-1999-0419,LOW
CVE-1999-0426,LOW
CVE-1999-0429,LOW
CVE-1999-0430,LOW
CVE-1999-0431,LOW
CVE-1999-0432,LOW
CVE-1999-0435,LOW
CVE-1999-0436,LOW
CVE-1999-0437,LOW
CVE-1999-0438,LOW
CVE-1999-0440,LOW
CVE-1999-0476,LOW
CVE-1999-0479,LOW
CVE-1999-1046,LOW
CVE-2000-0371,HIGH
CVE-1999-1551,LOW
CVE-1999-0409,LOW
CVE-1999-1256,LOW
CVE-2000-0019,LOW
CVE-1999-0410,LOW
CVE-1999-0411,LOW
CVE-1999-0418,LOW
CVE-1999-1254,LOW
CVE-1999-1371,LOW
CVE-1999-1567,LOW
CVE-1999-0417,LOW
CVE-1999-0415,LOW
CVE-1999-0416,LOW
CVE-1999-1526,LOW
CVE-1999-0382,LOW
CVE-1999-0420,LOW
CVE-1999-0421,LOW
CVE-1999-0422,LOW
CVE-1999-0462,LOW
CVE-1999-0424,LOW
CVE-1999-0425,LOW
CVE-1999-0433,LOW
CVE-1999-0482,LOW
CVE-1999-0428,LOW
CVE-1999-0481,LOW
CVE-1999-1370,LOW
CVE-1999-1397,LOW
CVE-2000-0153,LOW
CVE-1999-0434,LOW
CVE-1999-1559,LOW
CVE-1999-0443,LOW
CVE-1999-0445,LOW
CVE-1999-0447,LOW
CVE-1999-0467,LOW
CVE-1999-0469,LOW
CVE-1999-0480,LOW
CVE-1999-0605,LOW
CVE-1999-0606,LOW
CVE-1999-0608,LOW
CVE-1999-0609,LOW
CVE-1999-0610,LOW
CVE-1999-0921,LOW
CVE-1999-0439,LOW
CVE-1999-0474,LOW
CVE-1999-0475,HIGH
CVE-1999-1245,LOW
CVE-1999-0472,LOW
CVE-1999-0473,LOW
CVE-1999-1196,LOW
CVE-1999-0287,LOW
CVE-1999-0468,HIGH
CVE-1999-0470,LOW
CVE-1999-0471,LOW
CVE-1999-0801,LOW
CVE-1999-1323,LOW
CVE-1999-0444,LOW
CVE-1999-0446,LOW
CVE-1999-1369,LOW
CVE-1999-1244,LOW
CVE-1999-0684,LOW
CVE-1999-0491,LOW
CVE-1999-0604,LOW
CVE-1999-0607,LOW
CVE-1999-0466,LOW
CVE-1999-0488,LOW
CVE-1999-0490,LOW
CVE-1999-0492,LOW
CVE-1999-0712,LOW
CVE-1999-0711,LOW
CVE-1999-0194,LOW
CVE-1999-0487,HIGH
CVE-1999-0763,LOW
CVE-1999-0764,LOW
CVE-1999-0807,LOW
CVE-1999-1418,LOW
CVE-1999-1553,LOW
CVE-2000-0412,LOW
CVE-1999-1012,LOW
CVE-1999-1097,LOW
CVE-1999-1195,HIGH
CVE-1999-1079,LOW
CVE-1999-1241,LOW
CVE-1999-1367,LOW
CVE-1999-0686,LOW
CVE-1999-0717,HIGH
CVE-1999-0736,LOW
CVE-1999-0737,LOW
CVE-1999-0738,LOW
CVE-1999-0739,LOW
CVE-1999-1566,LOW
CVE-1999-0806,LOW
CVE-1999-0754,LOW
CVE-1999-0773,LOW
CVE-1999-0785,LOW
CVE-1999-1033,LOW
CVE-1999-1520,LOW
CVE-1999-0229,LOW
CVE-1999-0776,LOW
CVE-1999-1368,LOW
CVE-1999-1029,LOW
CVE-1999-1366,LOW
CVE-1999-0489,LOW
CVE-1999-0716,LOW
CVE-1999-1156,LOW
CVE-1999-1510,LOW
CVE-1999-0765,LOW
CVE-1999-1030,LOW
CVE-1999-1031,LOW
CVE-1999-0715,LOW
CVE-1999-1393,LOW
CVE-1999-0928,LOW
CVE-1999-0762,HIGH
CVE-1999-0803,LOW
CVE-1999-1414,LOW
CVE-1999-0771,LOW
CVE-1999-0920,LOW
CVE-1999-0927,LOW
CVE-1999-0755,LOW
CVE-1999-0802,HIGH
CVE-1999-0917,HIGH
CVE-1999-1028,LOW
CVE-1999-1485,LOW
CVE-2000-0333,LOW
CVE-1999-0772,LOW
CVE-1999-0804,LOW
CVE-1999-1063,LOW
CVE-2000-0364,LOW
CVE-2000-0365,LOW
CVE-2000-0373,LOW
CVE-2000-0481,LOW
CVE-1999-1400,LOW
CVE-1999-1412,LOW
CVE-1999-0970,LOW
CVE-1999-1237,LOW
CVE-1999-0493,LOW
CVE-1999-1496,LOW
CVE-1999-1231,LOW
CVE-2000-0118,LOW
CVE-1999-0775,LOW
CVE-1999-1023,LOW
CVE-1999-0713,LOW
CVE-1999-0730,LOW
CVE-1999-0874,LOW
CVE-1999-0929,LOW
CVE-1999-0742,LOW
CVE-1999-0723,MEDIUM
CVE-1999-0731,LOW
CVE-1999-1019,LOW
CVE-1999-0748,LOW
CVE-1999-1470,LOW
CVE-1999-0778,LOW
CVE-1999-1164,LOW
CVE-1999-0733,LOW
CVE-1999-0938,LOW
CVE-1999-1365,LOW
CVE-2000-0353,LOW
CVE-1999-0916,LOW
CVE-1999-0140,LOW
CVE-1999-0726,LOW
CVE-1999-1348,LOW
CVE-1999-0688,LOW
CVE-1999-0690,LOW
CVE-1999-0696,LOW
CVE-1999-0707,LOW
CVE-1999-0889,LOW
CVE-1999-1394,LOW
CVE-1999-0918,LOW
CVE-1999-0728,LOW
CVE-1999-0752,LOW
CVE-1999-1478,LOW
CVE-1999-1537,LOW
CVE-1999-0809,LOW
CVE-1999-1543,LOW
CVE-1999-1166,LOW
CVE-1999-1460,LOW
CVE-1999-1545,LOW
CVE-1999-1086,LOW
CVE-1999-1518,LOW
CVE-1999-0692,LOW
CVE-1999-1011,LOW
CVE-1999-1378,LOW
CVE-1999-0721,LOW
CVE-1999-1535,LOW
CVE-1999-1560,LOW
CVE-1999-0810,LOW
CVE-1999-0811,LOW
CVE-1999-1165,LOW
CVE-1999-1338,LOW
CVE-1999-0224,LOW
CVE-1999-0710,LOW
CVE-1999-1018,LOW
CVE-1999-1017,LOW
CVE-2000-0323,HIGH
CVE-1999-0700,HIGH
CVE-1999-0770,LOW
CVE-1999-1078,LOW
CVE-1999-0683,LOW
CVE-1999-1130,LOW
CVE-1999-1227,LOW
CVE-1999-1536,LOW
CVE-1999-0672,HIGH
CVE-1999-1337,LOW
CVE-1999-0671,HIGH
CVE-1999-0677,LOW
CVE-1999-0703,LOW
CVE-1999-0719,LOW
CVE-1999-0913,LOW
CVE-1999-0682,LOW
CVE-1999-0727,LOW
CVE-1999-1524,LOW
CVE-1999-0673,HIGH
CVE-1999-0722,LOW
CVE-1999-0674,LOW
CVE-1999-0675,LOW
CVE-1999-0676,LOW
CVE-1999-0680,LOW
CVE-1999-0813,LOW
CVE-1999-0694,LOW
CVE-1999-0814,LOW
CVE-1999-0861,HIGH
CVE-1999-0867,LOW
CVE-1999-0875,LOW
CVE-1999-0724,LOW
CVE-1999-1336,LOW
CVE-1999-0679,LOW
CVE-1999-0746,LOW
CVE-1999-0749,HIGH
CVE-1999-0888,LOW
CVE-1999-0753,LOW
CVE-1999-0745,LOW
CVE-1999-0747,LOW
CVE-1999-0725,MEDIUM
CVE-1999-0732,LOW
CVE-1999-0734,LOW
CVE-1999-0740,LOW
CVE-1999-0741,LOW
CVE-1999-0743,LOW
CVE-1999-1561,LOW
CVE-1999-1565,LOW
CVE-2000-0325,LOW
CVE-2000-1206,LOW
CVE-1999-0668,HIGH
CVE-2000-0355,LOW
CVE-1999-0878,LOW
CVE-1999-1064,LOW
CVE-2000-0374,LOW
CVE-1999-0720,LOW
CVE-1999-1052,LOW
CVE-2000-0328,LOW
CVE-1999-0768,LOW
CVE-1999-0769,LOW
CVE-1999-0872,LOW
CVE-1999-1235,LOW
CVE-1999-0939,LOW
CVE-1999-0911,LOW
CVE-1999-1016,LOW
CVE-1999-1354,LOW
CVE-1999-1513,LOW
CVE-1999-0774,LOW
CVE-1999-1515,LOW
CVE-1999-0669,HIGH
CVE-1999-0670,HIGH
CVE-1999-0705,LOW
CVE-1999-0891,LOW
CVE-1999-1129,LOW
CVE-1999-0685,HIGH
CVE-1999-1356,LOW
CVE-1999-1516,LOW
CVE-1999-1564,LOW
CVE-1999-0925,LOW
CVE-1999-0926,LOW
CVE-1999-1562,LOW
CVE-2000-0489,LOW
CVE-1999-1353,LOW
CVE-1999-0767,LOW
CVE-1999-0697,LOW
CVE-1999-1377,LOW
CVE-1999-0702,LOW
CVE-1999-0910,LOW
CVE-1999-1575,HIGH
CVE-1999-1521,LOW
CVE-1999-0687,LOW
CVE-1999-0689,LOW
CVE-1999-0691,LOW
CVE-1999-0750,HIGH
CVE-1999-0751,LOW
CVE-1999-0759,LOW
CVE-1999-1014,LOW
CVE-1999-1053,LOW
CVE-1999-0817,LOW
CVE-1999-0704,MEDIUM
CVE-1999-0890,LOW
CVE-1999-0907,LOW
CVE-1999-0953,LOW
CVE-1999-0954,LOW
CVE-1999-0787,LOW
CVE-1999-0886,LOW
CVE-1999-0909,LOW
CVE-1999-0708,LOW
CVE-1999-0786,LOW
CVE-1999-0912,LOW
CVE-1999-0777,LOW
CVE-1999-0906,LOW
CVE-1999-0908,LOW
CVE-1999-1013,LOW
CVE-1999-1477,LOW
CVE-1999-1534,LOW
CVE-1999-1351,LOW
CVE-1999-1484,LOW
CVE-1999-1578,HIGH
CVE-1999-0788,LOW
CVE-1999-0940,LOW
CVE-1999-1576,LOW
CVE-1999-0789,LOW
CVE-1999-1352,LOW
CVE-1999-1350,LOW
CVE-1999-0931,LOW
CVE-1999-0932,LOW
CVE-1999-1469,LOW
CVE-1999-1583,LOW
CVE-1999-0794,LOW
CVE-1999-0877,MEDIUM
CVE-1999-0879,LOW
CVE-1999-0880,LOW
CVE-1999-0933,LOW
CVE-1999-1236,LOW
CVE-1999-1500,LOW
CVE-2000-0016,LOW
CVE-2000-0047,LOW
CVE-1999-0942,LOW
CVE-1999-1454,LOW
CVE-1999-1523,LOW
CVE-1999-1540,LOW
CVE-1999-1541,LOW
CVE-1999-1542,LOW
CVE-1999-1344,LOW
CVE-1999-1345,LOW
CVE-1999-1357,LOW
CVE-1999-0791,LOW
CVE-1999-1349,LOW
CVE-1999-1346,LOW
CVE-1999-1347,LOW
CVE-1999-1522,LOW
CVE-1999-1082,LOW
CVE-1999-1083,LOW
CVE-2000-0369,LOW
CVE-1999-0893,LOW
CVE-1999-1343,LOW
CVE-2000-0356,LOW
CVE-1999-0943,LOW
CVE-1999-1342,LOW
CVE-1999-1047,LOW
CVE-1999-0895,LOW
CVE-1999-0766,MEDIUM
CVE-1999-0905,LOW
CVE-2000-0327,HIGH
CVE-1999-0951,LOW
CVE-1999-1341,LOW
CVE-2000-0362,LOW
CVE-2000-0363,HIGH
CVE-1999-0900,LOW
CVE-1999-0901,LOW
CVE-1999-0902,LOW
CVE-1999-0944,LOW
CVE-1999-0883,LOW
CVE-1999-0884,LOW
CVE-1999-0881,LOW
CVE-1999-0903,LOW
CVE-1999-1076,LOW
CVE-1999-1234,LOW
CVE-1999-0882,LOW
CVE-1999-0915,LOW
CVE-1999-0950,LOW
CVE-1999-1226,HIGH
CVE-1999-1532,LOW
CVE-1999-0873,LOW
CVE-1999-1577,HIGH
CVE-1999-0354,LOW
CVE-1999-0827,HIGH
CVE-1999-0829,LOW
CVE-1999-0830,LOW
CVE-1999-0854,LOW
CVE-1999-1077,LOW
CVE-1999-1517,LOW
CVE-1999-0946,HIGH
CVE-1999-0947,LOW
CVE-1999-0948,LOW
CVE-1999-0949,LOW
CVE-1999-1531,LOW
CVE-1999-0885,LOW
CVE-1999-0904,LOW
CVE-1999-0843,LOW
CVE-1999-0887,LOW
CVE-1999-0896,LOW
CVE-1999-0898,LOW
CVE-1999-0899,LOW
CVE-1999-1065,LOW
CVE-1999-1340,LOW
CVE-1999-1509,LOW
CVE-1999-1571,LOW
CVE-1999-1529,LOW
CVE-1999-1533,LOW
CVE-1999-0821,LOW
CVE-1999-0863,LOW
CVE-1999-1530,LOW
CVE-1999-1550,LOW
CVE-2001-0679,LOW
CVE-1999-0832,LOW
CVE-1999-0983,LOW
CVE-1999-0984,LOW
CVE-1999-0985,LOW
CVE-1999-1111,LOW
CVE-1999-1112,LOW
CVE-1999-0833,LOW
CVE-1999-0835,LOW
CVE-1999-0837,LOW
CVE-1999-0848,LOW
CVE-1999-0849,LOW
CVE-1999-0851,LOW
CVE-1999-1511,LOW
CVE-1999-1539,LOW
CVE-2000-0329,HIGH
CVE-1999-1050,LOW
CVE-2000-0330,HIGH
CVE-2000-0165,LOW
CVE-1999-1110,LOW
CVE-1999-1528,LOW
CVE-1999-1190,LOW
CVE-1999-1051,LOW
CVE-1999-1457,LOW
CVE-1999-1508,LOW
CVE-1999-1549,LOW
CVE-1999-0793,HIGH
CVE-1999-1092,LOW
CVE-1999-1519,LOW
CVE-2000-0073,LOW
CVE-1999-0987,LOW
CVE-2000-0352,LOW
CVE-1999-0831,LOW
CVE-1999-0999,MEDIUM
CVE-1999-1475,LOW
CVE-1999-0818,LOW
CVE-1999-1058,LOW
CVE-1999-1527,LOW
CVE-2000-0531,LOW
CVE-1999-0844,LOW
CVE-1999-1163,LOW
CVE-1999-1189,LOW
CVE-1999-1548,LOW
CVE-1999-0317,LOW
CVE-1999-0845,LOW
CVE-1999-1547,LOW
CVE-1999-0387,LOW
CVE-1999-0839,LOW
CVE-1999-0842,LOW
CVE-1999-0847,LOW
CVE-1999-0822,LOW
CVE-1999-0824,LOW
CVE-1999-0840,LOW
CVE-1999-0841,LOW
CVE-1999-0819,LOW
CVE-1999-0820,LOW
CVE-1999-0823,LOW
CVE-1999-0826,LOW
CVE-1999-0834,LOW
CVE-1999-0838,LOW
CVE-1999-0846,LOW
CVE-1999-0853,LOW
CVE-1999-0855,LOW
CVE-1999-0856,LOW
CVE-1999-0857,LOW
CVE-1999-0859,LOW
CVE-1999-0860,LOW
CVE-1999-0963,LOW
CVE-2000-0004,LOW
CVE-2000-0021,LOW
CVE-1999-0828,LOW
CVE-1999-0850,LOW
CVE-1999-0852,LOW
CVE-1999-0858,LOW
CVE-1999-0862,LOW
CVE-2000-0366,LOW
CVE-1999-0825,LOW
CVE-1999-0864,LOW
CVE-1999-0865,LOW
CVE-1999-0866,LOW
CVE-2000-0139,LOW
CVE-2000-0357,LOW
CVE-2000-0358,LOW
CVE-1999-0988,LOW
CVE-1999-0982,LOW
CVE-1999-0990,LOW
CVE-1999-0989,LOW
CVE-1999-0991,LOW
CVE-1999-0973,LOW
CVE-1999-0976,LOW
CVE-1999-0981,HIGH
CVE-1999-0986,LOW
CVE-1999-0972,LOW
CVE-1999-0974,LOW
CVE-1999-0978,LOW
CVE-1999-0975,LOW
CVE-1999-0977,LOW
CVE-1999-0289,LOW
CVE-1999-1009,HIGH
CVE-1999-0993,LOW
CVE-1999-1003,LOW
CVE-1999-1007,HIGH
CVE-1999-1010,LOW
CVE-2000-0068,LOW
CVE-2000-0361,LOW
CVE-1999-0934,LOW
CVE-1999-0935,LOW
CVE-1999-0996,LOW
CVE-1999-0994,LOW
CVE-1999-0995,LOW
CVE-1999-0998,LOW
CVE-1999-1000,LOW
CVE-1999-1001,HIGH
CVE-1999-1004,LOW
CVE-1999-1005,LOW
CVE-1999-1006,LOW
CVE-1999-0997,LOW
CVE-2000-0020,LOW
CVE-1999-1497,LOW
CVE-2000-0017,LOW
CVE-2000-0022,LOW
CVE-2000-0023,LOW
CVE-2000-0024,LOW
CVE-2000-0025,LOW
CVE-2000-0026,LOW
CVE-1999-1066,LOW
CVE-1999-1109,LOW
CVE-2000-0002,LOW
CVE-2000-0018,LOW
CVE-2000-0030,LOW
CVE-2000-0032,LOW
CVE-2000-0034,LOW
CVE-2000-0036,LOW
CVE-2000-0119,LOW
CVE-2000-0001,LOW
CVE-2000-0028,HIGH
CVE-2000-0038,LOW
CVE-2000-0040,LOW
CVE-1999-0892,LOW
CVE-1999-0455,LOW
CVE-1999-0477,LOW
CVE-2000-0006,HIGH
CVE-2000-0008,LOW
CVE-2000-0010,LOW
CVE-2000-0012,LOW
CVE-2000-0027,HIGH
CVE-2000-0029,LOW
CVE-2000-0033,LOW
CVE-2000-0060,LOW
CVE-1999-1573,LOW
CVE-2000-0014,LOW
CVE-2000-0035,LOW
CVE-2000-0037,LOW
CVE-2000-0041,LOW
CVE-2000-0007,LOW
CVE-2000-0009,LOW
CVE-2000-0039,LOW
CVE-2000-0042,LOW
CVE-2000-0100,LOW
CVE-1999-0001,LOW
CVE-2000-0003,LOW
CVE-2000-0043,LOW
CVE-2000-0076,LOW
CVE-1999-0154,LOW
CVE-1999-0808,LOW
CVE-1999-0815,LOW
CVE-1999-1035,LOW
CVE-1999-1042,HIGH
CVE-1999-1043,LOW
CVE-1999-1055,LOW
CVE-1999-1074,LOW
CVE-1999-1084,LOW
CVE-1999-1087,LOW
CVE-1999-1093,HIGH
CVE-1999-1094,LOW
CVE-1999-1100,LOW
CVE-1999-1102,LOW
CVE-1999-1104,LOW
CVE-1999-1105,LOW
CVE-1999-1117,LOW
CVE-1999-1124,LOW
CVE-1999-1126,LOW
CVE-1999-1127,LOW
CVE-1999-1132,LOW
CVE-1999-1148,LOW
CVE-1999-1157,LOW
CVE-1999-1167,LOW
CVE-1999-1175,LOW
CVE-1999-1177,LOW
CVE-1999-1206,LOW
CVE-1999-1222,LOW
CVE-1999-1223,LOW
CVE-1999-1233,LOW
CVE-1999-1246,LOW
CVE-1999-1259,LOW
CVE-1999-1279,LOW
CVE-1999-1287,LOW
CVE-1999-1290,HIGH
CVE-1999-1293,LOW
CVE-1999-1294,LOW
CVE-1999-1300,LOW
CVE-1999-1307,LOW
CVE-1999-1315,LOW
CVE-1999-1316,LOW
CVE-1999-1317,LOW
CVE-1999-1320,LOW
CVE-1999-1324,LOW
CVE-1999-1325,LOW
CVE-1999-1327,LOW
CVE-1999-1328,LOW
CVE-1999-1329,LOW
CVE-1999-1330,LOW
CVE-1999-1331,LOW
CVE-1999-1332,LOW
CVE-1999-1333,LOW
CVE-1999-1334,LOW
CVE-1999-1335,LOW
CVE-1999-1339,LOW
CVE-1999-1355,LOW
CVE-1999-1358,LOW
CVE-1999-1359,LOW
CVE-1999-1360,LOW
CVE-1999-1362,LOW
CVE-1999-1363,LOW
CVE-1999-1364,LOW
CVE-1999-1379,LOW
CVE-1999-1382,LOW
CVE-1999-1386,LOW
CVE-1999-1444,LOW
CVE-1999-1451,LOW
CVE-1999-1452,LOW
CVE-1999-1455,LOW
CVE-1999-1456,LOW
CVE-1999-1462,LOW
CVE-1999-1464,LOW
CVE-1999-1465,LOW
CVE-1999-1472,LOW
CVE-1999-1473,LOW
CVE-1999-1474,LOW
CVE-1999-1476,LOW
CVE-1999-1481,LOW
CVE-1999-1488,LOW
CVE-1999-1512,LOW
CVE-1999-1584,LOW
CVE-1999-1585,LOW
CVE-1999-1586,LOW
CVE-1999-1587,LOW
CVE-1999-1588,LOW
CVE-1999-1589,LOW
CVE-1999-1590,MEDIUM
CVE-1999-1591,LOW
CVE-1999-1592,LOW
CVE-2000-0011,LOW
CVE-2000-0013,LOW
CVE-2000-0015,LOW
CVE-1999-0964,LOW
CVE-2000-0069,LOW
CVE-2000-0120,LOW
CVE-2000-0077,LOW
CVE-2000-0078,LOW
CVE-2000-0082,LOW
CVE-1999-0735,LOW
CVE-1999-0744,LOW
CVE-1999-0876,LOW
CVE-1999-0894,LOW
CVE-2000-0049,LOW
CVE-2000-0050,LOW
CVE-2000-0051,LOW
CVE-2000-0052,LOW
CVE-2000-0053,LOW
CVE-2000-0057,LOW
CVE-2000-0059,LOW
CVE-2000-0062,LOW
CVE-2000-0085,LOW
CVE-2000-0056,LOW
CVE-2000-0058,LOW
CVE-2000-0044,LOW
CVE-2000-0055,LOW
CVE-2000-0084,LOW
CVE-2000-0061,LOW
CVE-2000-1220,LOW
CVE-2000-1221,LOW
CVE-2000-0046,LOW
CVE-2000-0080,LOW
CVE-2000-0081,LOW
CVE-2000-0045,LOW
CVE-2000-0067,LOW
CVE-2000-0071,LOW
CVE-2000-0074,LOW
CVE-1999-1002,LOW
CVE-2000-0048,LOW
CVE-2000-0070,LOW
CVE-2000-0087,LOW
CVE-2000-0066,LOW
CVE-2000-0075,LOW
CVE-2000-0063,LOW
CVE-2000-0064,LOW
CVE-2000-0065,LOW
CVE-2000-0072,LOW
CVE-2000-0090,LOW
CVE-1999-0992,LOW
CVE-2000-0079,LOW
CVE-2000-0086,LOW
CVE-2000-0099,LOW
CVE-2000-0092,HIGH
CVE-1999-0595,LOW
CVE-2000-0088,LOW
CVE-2000-0091,LOW
CVE-2000-0093,LOW
CVE-2000-0115,LOW
CVE-2000-0095,LOW
CVE-2000-0096,LOW
CVE-2000-0097,LOW
CVE-2000-0098,LOW
CVE-2000-0126,LOW
CVE-2000-0113,LOW
CVE-2000-0130,LOW
CVE-2000-1216,LOW
CVE-2000-0111,LOW
CVE-2000-0116,LOW
CVE-2000-0117,LOW
CVE-2000-0109,LOW
CVE-2000-0132,HIGH
CVE-2000-0101,LOW
CVE-2000-0102,LOW
CVE-2000-0103,LOW
CVE-2000-0104,LOW
CVE-2000-0105,LOW
CVE-2000-0106,LOW
CVE-2000-0107,LOW
CVE-2000-0108,LOW
CVE-2000-0110,LOW
CVE-2000-0121,LOW
CVE-2000-0123,LOW
CVE-2000-0131,LOW
CVE-2000-0133,LOW
CVE-2000-0134,LOW
CVE-2000-0135,LOW
CVE-2000-0136,LOW
CVE-2000-0137,LOW
CVE-2000-0151,HIGH
CVE-2000-0157,LOW
CVE-2000-1205,MEDIUM
CVE-2000-0112,LOW
CVE-2000-0114,LOW
CVE-2000-0469,HIGH
CVE-2000-0122,LOW
CVE-2000-0124,LOW
CVE-2000-0125,LOW
CVE-2000-0127,LOW
CVE-2000-0218,LOW
CVE-2000-0089,LOW
CVE-2000-0128,LOW
CVE-2000-0129,LOW
CVE-2000-0145,LOW
CVE-2000-0472,LOW
CVE-2000-0144,LOW
CVE-2000-0146,LOW
CVE-2000-0147,LOW
CVE-2000-0148,LOW
CVE-2000-0149,LOW
CVE-2000-0215,LOW
CVE-2000-0140,LOW
CVE-2000-0141,LOW
CVE-2000-0142,LOW
CVE-2000-0143,LOW
CVE-2000-0150,LOW
CVE-2000-0197,LOW
CVE-2000-0167,LOW
CVE-2000-0222,LOW
CVE-2000-0224,HIGH
CVE-2000-0094,LOW
CVE-2000-0154,HIGH
CVE-2000-0156,HIGH
CVE-2000-0158,LOW
CVE-2000-0159,LOW
CVE-2000-0155,LOW
CVE-2000-0161,LOW
CVE-2000-0162,HIGH
CVE-2000-0164,LOW
CVE-2000-0160,HIGH
CVE-2000-0163,LOW
CVE-2000-0166,LOW
CVE-2000-0210,HIGH
CVE-2000-0182,LOW
CVE-2000-0211,LOW
CVE-2000-0213,LOW
CVE-2000-0219,LOW
CVE-2000-0194,LOW
CVE-2000-0195,LOW
CVE-2000-0212,LOW
CVE-2000-0214,LOW
CVE-2000-0217,HIGH
CVE-2000-0220,LOW
CVE-2000-0221,LOW
CVE-2000-0170,LOW
CVE-2000-0187,LOW
CVE-2000-0188,LOW
CVE-2000-0209,HIGH
CVE-2000-0178,LOW
CVE-2000-0179,LOW
CVE-2000-0186,LOW
CVE-2000-0196,LOW
CVE-2000-0203,LOW
CVE-2000-0204,LOW
CVE-2000-0176,LOW
CVE-2000-0191,LOW
CVE-2000-0208,LOW
CVE-2000-0216,LOW
CVE-2000-0189,LOW
CVE-2000-0201,HIGH
CVE-2000-0207,LOW
CVE-1999-0693,LOW
CVE-2000-0177,LOW
CVE-2000-0190,LOW
CVE-2000-0193,LOW
CVE-2000-0172,LOW
CVE-2000-0205,LOW
CVE-2000-0168,LOW
CVE-2000-0192,LOW
CVE-2000-0206,HIGH
CVE-2000-0200,HIGH
CVE-2000-0225,LOW
CVE-2000-0185,LOW
CVE-2000-0202,LOW
CVE-2000-0174,LOW
CVE-2000-0175,LOW
CVE-2000-0184,LOW
CVE-2000-0173,LOW
CVE-2000-0183,HIGH
CVE-2000-0223,LOW
CVE-2000-0171,LOW
CVE-2000-0181,LOW
CVE-2000-0237,LOW
CVE-2000-0230,LOW
CVE-2000-0180,LOW
CVE-2000-0199,LOW
CVE-2000-0169,LOW
CVE-2000-0198,LOW
CVE-2000-0233,LOW
CVE-2000-0239,LOW
CVE-2000-0231,LOW
CVE-2000-0228,LOW
CVE-2000-0236,LOW
CVE-2000-0238,LOW
CVE-2000-0226,LOW
CVE-2000-0613,LOW
CVE-2000-0240,LOW
CVE-2000-0241,LOW
CVE-2000-0229,LOW
CVE-2000-0247,LOW
CVE-2000-0227,LOW
CVE-2000-0242,LOW
CVE-2000-0243,LOW
CVE-2000-0281,LOW
CVE-2000-0235,LOW
CVE-2000-0245,LOW
CVE-2000-0289,LOW
CVE-2000-0244,LOW
CVE-2000-0152,LOW
CVE-2000-0232,LOW
CVE-2000-0246,LOW
CVE-2000-0234,LOW
CVE-2000-0290,LOW
CVE-2000-0296,LOW
CVE-2000-0302,LOW
CVE-1999-0790,HIGH
CVE-2000-0277,LOW
CVE-2000-0280,HIGH
CVE-2000-0297,LOW
CVE-2000-0634,LOW
CVE-2000-0299,LOW
CVE-2000-0255,LOW
CVE-2000-0251,LOW
CVE-2000-0300,LOW
CVE-2000-0301,LOW
CVE-2000-0279,LOW
CVE-2000-0298,LOW
CVE-2000-0273,LOW
CVE-2000-0274,LOW
CVE-2000-0275,LOW
CVE-2000-0276,LOW
CVE-2000-0294,LOW
CVE-1999-0695,LOW
CVE-1999-0699,LOW
CVE-1999-0701,LOW
CVE-1999-0979,LOW
CVE-2000-0252,LOW
CVE-2000-0253,LOW
CVE-2000-0258,LOW
CVE-2000-0259,LOW
CVE-2000-0261,LOW
CVE-2000-0262,LOW
CVE-2000-0282,LOW
CVE-2000-0283,LOW
CVE-2000-0287,LOW
CVE-2000-0288,LOW
CVE-2000-0250,LOW
CVE-2000-0254,LOW
CVE-2000-0260,LOW
CVE-2000-1218,LOW
CVE-2000-0263,LOW
CVE-2000-0284,LOW
CVE-2000-0285,LOW
CVE-2000-0286,LOW
CVE-2000-0291,LOW
CVE-2000-0264,LOW
CVE-2000-0265,LOW
CVE-2000-0083,LOW
CVE-2000-0266,HIGH
CVE-2000-0269,LOW
CVE-2000-0270,LOW
CVE-2000-0271,LOW
CVE-2000-0256,LOW
CVE-2000-0257,LOW
CVE-2000-0292,LOW
CVE-2000-0267,LOW
CVE-2000-0268,LOW
CVE-2000-0272,LOW
CVE-2000-0311,LOW
CVE-2000-0331,LOW
CVE-2000-0295,LOW
CVE-2000-0318,LOW
CVE-2000-0320,LOW
CVE-2000-0336,LOW
CVE-2000-0458,LOW
CVE-2000-0459,LOW
CVE-2000-0319,LOW
CVE-2000-0338,LOW
CVE-2000-0248,LOW
CVE-2000-0316,LOW
CVE-2000-0317,LOW
CVE-2000-0321,LOW
CVE-2000-0322,LOW
CVE-2000-0334,LOW
CVE-2000-0337,LOW
CVE-2000-0339,LOW
CVE-2000-0324,LOW
CVE-2000-0326,LOW
CVE-2000-0249,LOW
CVE-2000-0380,MEDIUM
CVE-1999-0706,LOW
CVE-2000-0429,LOW
CVE-2000-0342,LOW
CVE-2000-0340,LOW
CVE-1999-0427,LOW
CVE-2000-0341,LOW
CVE-2000-0344,LOW
CVE-2000-0401,LOW
CVE-2000-0440,LOW
CVE-2000-0447,LOW
CVE-2000-0448,LOW
CVE-2000-0449,LOW
CVE-2000-0138,LOW
CVE-2000-0293,LOW
CVE-2000-0343,LOW
CVE-2000-0346,LOW
CVE-2000-0347,LOW
CVE-2000-0385,LOW
CVE-2000-0386,LOW
CVE-2000-0433,LOW
CVE-2000-0303,LOW
CVE-2000-0332,LOW
CVE-2000-0335,LOW
CVE-2000-0345,LOW
CVE-2000-0378,LOW
CVE-2000-0425,LOW
CVE-2000-0430,LOW
CVE-2000-0414,LOW
CVE-2000-0422,LOW
CVE-2000-0427,LOW
CVE-2000-0428,LOW
CVE-2000-0381,LOW
CVE-2000-0423,LOW
CVE-2000-0426,LOW
CVE-2000-0413,LOW
CVE-2000-0382,HIGH
CVE-2000-0383,LOW
CVE-2000-0384,LOW
CVE-2000-0387,LOW
CVE-2000-0304,LOW
CVE-2000-0406,HIGH
CVE-2000-0409,HIGH
CVE-2000-0410,LOW
CVE-2000-0411,LOW
CVE-2000-0408,LOW
CVE-2000-0416,LOW
CVE-2000-0419,LOW
CVE-2000-0420,LOW
CVE-2000-0421,LOW
CVE-2000-0439,HIGH
CVE-2000-0457,LOW
CVE-2000-0407,LOW
CVE-2000-0415,LOW
CVE-2000-0400,LOW
CVE-2000-0434,LOW
CVE-2000-0435,LOW
CVE-2000-0397,LOW
CVE-2000-0424,LOW
CVE-1999-0980,LOW
CVE-2000-0379,LOW
CVE-2000-0389,LOW
CVE-2000-0390,LOW
CVE-2000-0391,LOW
CVE-2000-0392,LOW
CVE-2000-0393,LOW
CVE-2000-0395,LOW
CVE-2000-0405,LOW
CVE-2000-0432,LOW
CVE-1999-1008,LOW
CVE-2000-0350,LOW
CVE-2000-0417,LOW
CVE-2000-0464,HIGH
CVE-2000-0465,HIGH
CVE-2000-0394,LOW
CVE-2000-0437,LOW
CVE-2000-0450,LOW
CVE-2000-0452,LOW
CVE-2000-0453,LOW
CVE-2000-0463,LOW
CVE-2000-0305,LOW
CVE-2000-0436,LOW
CVE-2000-0451,LOW
CVE-2000-0431,LOW
CVE-2000-0438,LOW
CVE-2000-0418,LOW
CVE-2000-0551,LOW
CVE-2000-0396,LOW
CVE-2000-0398,LOW
CVE-2000-0399,LOW
CVE-2000-0441,LOW
CVE-2000-0442,LOW
CVE-2000-0443,LOW
CVE-2000-0444,LOW
CVE-2000-0445,LOW
CVE-2000-0446,LOW
CVE-2000-0491,LOW
CVE-2000-0403,LOW
CVE-2000-0404,LOW
CVE-2000-0517,LOW
CVE-2000-0553,HIGH
CVE-2000-0460,LOW
CVE-2000-0456,LOW
CVE-2000-0462,LOW
CVE-2000-0454,LOW
CVE-2000-0455,LOW
CVE-2000-0461,LOW
CVE-2000-0564,LOW
